Regular,wa,12.0
Diesel,wa,5.138339920948617
Regular,fe,15.517241379310345
Diesel,fe,17.786561264822137
Especial,fe,14.469453376205788
Regular,fe,45.0
Especial,fe,45.0
